﻿"Based on the provided guidelines, the tables from the TXT file can be reformatted as follows:"
""
Table 1: Study Details
""
, Clinical Findings , Value ,
,-------------------,-------,
, Title of the Study ," Updated results of a phase I, open-label study of BCMA/CD19 dual-targeting fast CAR-T GC012F for patients with relapsed/refractory multiple myeloma (RRMM) ",
, Registry Number , NCT04236011; NCT04182581 ,
, Study Duration , October 2019 to January 2022 ,
, Study Location(s) , Not mentioned ,
, Trial Phase , Phase I ,
, Study Design , Open-label ,
, Masking , Not mentioned ,
, Patient Segment , 29 ,
, Age Range of Patients , 27-76 ,
, Median of Prior Lines Therapies , 5 ,
, Range of Prior Lines Therapies , 2-9 ,
, Intervention , GC012F ,
, Dose Levels ," 1x105/kg, 2x105/kg, 3x105/kg ",
, Total Participating Patients , 29 ,
, High Risk Patients (HR- mSMART) , 26 (89.7%) ,
, Patients with EM Disease , 8 (27.6%) ,
, Patients Refractory to Last Therapy , 24 (82.8%) ,
, Patients Received Prior Anti-CD38 , 10 (34.5%) ,
, Patients Treated with Auto-HSCT , 11 (37.9%) ,
""
Table 2: Clinical Findings
""
, Clinical Findings , Arm1 (DL1) , Arm2 (DL2) , Arm3 (DL3) ,
,-------------------,------------,------------,------------,
, Cohort Size , 2 , 10 , 17 ,
, Intervention Dose , 1x105/kg , 2x105/kg , 3x105/kg ,
, Time of Data Cut-off ," January 30, 2023 "," January 30, 2023 "," January 30, 2023 ",
, Duration of Response , 37.0 months , 37.0 months , 37.0 months ,
, Duration of Response 95%CI Lower Bound , 11.0 , 11.0 , 11.0 ,
, Duration of Response 95%CI Upper Bound , NR , NR , NR ,
, Progression Free Survival , 38.0 months , 38.0 months , 38.0 months ,
, Progression Free Survival 95%CI Lower Bound , 11.8 , 11.8 , 11.8 ,
, Progression Free Survival 95%CI Upper Bound , NR , NR , NR ,
, Median Duration of CRS , 3 days , 3 days , 3 days ,
, Median Duration of CRS Lower Bound , 1 day , 1 day , 1 day ,
, Median Duration of CRS Upper Bound , 8 days , 8 days , 8 days ,
, Median Time of Persistence , 410 days , 410 days , 410 days ,
, Median Time of Persistence Lower Bound , 51 days , 51 days , 51 days ,
, Median Time of Persistence Upper Bound , 1183 days , 1183 days , 1183 days ,
""
"Note: The values for ""Overall Response Rate"", ""Stringent Complete Response Rate"", ""Very Good Partial Response Rate"", ""Minimal Residual Disease Negativity"", and ""sBCMA Plasma Levels Decline"" are not specified in the original table."
