﻿Table 1: Study Details
""
, Study Description , Value ,
, --- , --- ,
, Title ," A phase 1 multicenter study evaluating KITE-585, an autologous anti-BCMA CAR T-cell therapy, in patients with relapsed/refractory multiple myeloma ",
, Registry Number , NCT03318861 ,
, Study Duration , Not specified ,
, Study Location(s) , Not specified ,
, Trial Phase , Phase 1 ,
, Study Design ," Open-label, multicenter, first-in-human study ",
, Masking , Open-label ,
, Patient Segment , Patients with relapsed/refractory multiple myeloma (RRMM) ,
, Intervention , Lymphodepleting chemotherapy with fludarabine (30 mg/m2/d) and cyclophosphamide (300 mg/m2/d) for 3 days followed by a single infusion of KITE-585 ,
, Total Participating Patients , Planned enrollment is ≤ 64 patients ,
, Demographic Information ," Eligible patients (≥ 18 years) must have RRMM, an ECOG performance status of ≤ 1, and adequate bone marrow and organ function ",
""
Table 2: Clinical Findings
""
"The abstract does not provide specific data elements, results, clinical findings, outcomes, or adverse events. Therefore, Table 2 cannot be populated based on the provided abstract."
