﻿[Abstract Text]: Table 1: Study Details
""
, Study Description , Value ,
,-------------------,-------,
, Title of the Study , Clinical responses and pharmacokinetics of fully human BCMA targeting CAR T-cell therapy in relapsed/refractory multiple myeloma ,
, Registry Number , ChiCTR1800018137 ,
, Study Start Date ," September 21, 2018 ",
, Study End Date ," January 21, 2019 ",
, Study Location(s) , Not mentioned ,
, Trial Phase , Not mentioned ,
, Study Design , Single-center and single-arm trial ,
, Masking , Not mentioned ,
, Patient Segment , Patients with relapsed/refractory multiple myeloma (RRMM) ,
, Intervention ," CT103A in 3+3 dose-escalation trial (three doses at 1, 3, 6 ×106/kg) after a conditioning chemotherapy regimen of cyclophosphamide and fludarabine ",
, Total Participating Patients , Nine ,
, Median Prior Lines of MM Therapy , 4 ,
, Range of Prior Lines of MM Therapy , 3 - 5 ,
""
Table 2: Clinical Findings
""
, Clinical Findings , Cohort 1 (1 ×106/kg) , Cohort 2 (3 ×106/kg) , Cohort 3 (6 ×106/kg) ,
,-------------------,----------------------,----------------------,----------------------,
, Registry Number , ChiCTR1800018137 , ChiCTR1800018137 , ChiCTR1800018137 ,
, Cohort Size , 3 , 3 , 3 ,
, Intervention for Each Arm , CT103A at 1 ×106/kg , CT103A at 3 ×106/kg , CT103A at 6 ×106/kg ,
, Clinical Study Information , Not mentioned , Not mentioned , Not mentioned ,
, Overall Response Rate , 100% , 100% , 100% ,
, Complete Response (CR) , 67% , Not mentioned , Not mentioned ,
, Number of Patients with Complete Response (CR) , 2/3 , Not mentioned , Not mentioned ,
, Adverse Events - Cytokine Release Syndrome (CRS) , Grade 0 - 2 , Grade 0 - 2 , Dose Limiting Toxicity (DLT) observed in one patient ,
, Adverse Events - Other , Not mentioned , Not mentioned , Not mentioned ,
