﻿[Abstract Text]: Table 1: Study Details
""
, Study Description , Value ,
, --- , --- ,
, Title of the Study ," Correlative analysis to define patient profiles associated with manufacturing and clinical endpoints in relapsed/refractory multiple myeloma (RRMM) patients treated with idecabtagene vicleucel (ide-cel; bb2121), an anti-BCMA CAR T cell therapy ",
, Registry Number ," NCT03361748, NCT03601078 ",
, Study Duration , Not mentioned ,
, Study Location(s) , Not mentioned ,
, Trial Phase , Not mentioned ,
, Study Design , Not mentioned ,
, Masking , Not mentioned ,
, Patient Segment , Relapsed/refractory multiple myeloma (RRMM) patients ,
, Intervention ," Treatment with idecabtagene vicleucel (ide-cel; bb2121), an anti-BCMA CAR T cell therapy ",
, Total Participating Patients , 164 ,
, Demographic Information , Not mentioned ,
""
Table 2: Clinical Findings
""
, Clinical Findings , Cohort 1 (n=17) , Cohort 2 (n=94) , Cohort 3 (n=24) , Cohort 4 (n=29) ,
, --- , --- , --- , --- , --- ,
, Monoclonal protein (g/L)† , 12.08 , 10.73 , 7.36 , 7.00 ,
, Monoclonal protein (g/L)† Range , 8.07-21.33 , 5.50-21.51 , 4.95-13.38 , 4.65-11.07 ,
, ALC (109/L)† , 0.50 , 0.85 , 0.67 , 0.91 ,
, ALC (109/L)† Range , 0.29-0.78 , 0.54-1.36 , 0.49-0.86 , 0.62-1.26 ,
, Patients with alkylator exposure within 6 months*(%) , 47 , 31 , 29 , 24 ,
, Clinical study information , Not mentioned , Not mentioned , Not mentioned , Not mentioned ,
, Adverse Events , Not mentioned , Not mentioned , Not mentioned , Not mentioned ,
""
"Note: The above tables are formatted as per the guidelines provided. The values in the ""Value"" column at each arm (or cohort) contain only the corresponding numerical values, including digit numbers, percentages, or ranges. The ""Ranges (lower bound ~ upper bound)"" at each arm (or cohort) are separated from digit numbers or percentages and put into individual line as required. Each value at each arm (or cohort) occupies only one individual cell even if they belong to the same element of clinical study information, clinical findings, outcomes, or adverse events. Any words, acronyms, descriptions of any Clinical Study Information, findings, clinical outcomes, or adverse events, except for units, in the ""Value"" column at each arm (or cohort) have been moved into the ""Clinical Findings"" column and combined with the previous entries."
