﻿"Based on the provided guidelines, the tables from the TXT file should be reformatted as follows:"
""
Table 1: Study Details
""
, Clinical Findings , Value ,
,-------------------,-------,
, Title of the Study , First-in-human multicenter study of bb2121 anti-BCMA CAR T-cell therapy for relapsed/refractory multiple myeloma: Updated results ,
, Registry Number , NCT02658929 ,
, Study Duration , Not mentioned ,
, Study Location(s) , Multicenter ,
, Trial Phase , Phase 1 ,
, Study Design , Dose escalation trial ,
, Masking , Not mentioned ,
, Patient Segment ," Patients with relapsed and/or refractory MM who have received ≥ 3 prior regimens, including a proteasome inhibitor and an immunomodulatory agent, or are double-refractory, and have ≥ 50% BCMA expression on plasma cells ",
, Intervention ," bb2121 anti-BCMA CAR T-cell therapy with planned dose levels of 5, 15, 45, 80 and 120 x 107 CAR+ T cells ",
, Total Participating Patients , 11 ,
, Demographic Information , Not mentioned ,
""
Table 2: Clinical Findings
""
, Clinical Findings , Cohort 1 , Cohort 2 , Cohort 3 , Cohort 4 ,
,-------------------,----------,----------,----------,----------,
, Registry Number , NCT02658929 , NCT02658929 , NCT02658929 , NCT02658929 ,
, Cohort Size , Not mentioned , Not mentioned , Not mentioned , Not mentioned ,
, Intervention for Each Arm , bb2121 anti-BCMA CAR T-cell therapy , bb2121 anti-BCMA CAR T-cell therapy , bb2121 anti-BCMA CAR T-cell therapy , bb2121 anti-BCMA CAR T-cell therapy ,
, Time of Data Cut-off ," November 18, 2016 "," November 18, 2016 "," November 18, 2016 "," November 18, 2016 ",
, Overall Response Rate (ORR) , Not mentioned , Not mentioned , Not mentioned , 100% ,
, Overall Response Rate (ORR) , Not mentioned , Not mentioned , Not mentioned , 6 evaluable patients at doses of 15.0 x 107 or higher ,
, Stringent Complete Response (sCR) , Not mentioned , Not mentioned , Not mentioned , 2 ,
, Minimal Residual Disease (MRD)-negative responses , Not mentioned , Not mentioned , Not mentioned , 2 ,
, Minimal Residual Disease (MRD)-negative responses , Not mentioned , Not mentioned , Not mentioned ," 1 sC, 1 VGPR ",
, Adverse Events: Cytokine Release Syndrome (CRS) , Not mentioned , Not mentioned , Not mentioned , Grade 1-2 ,
, Adverse Events: Cytokine Release Syndrome (CRS) , Not mentioned , Not mentioned , Not mentioned , 8/11 ,
, Adverse Events: Cytokine Release Syndrome (CRS) , Not mentioned , Not mentioned , Not mentioned , 73% ,
, Adverse Events: Neurotoxicities , Not mentioned , Not mentioned , Not mentioned , No > Grade 2 neurotoxicities observed ,
""
"Please note that the values in the ""Value"" column are only numerical values, percentages, or ranges as per the guidelines. The descriptions have been moved to the ""Clinical Findings"" column."
