﻿Table 1: Study Details
""
, Study Description , Value ,
,-------------------,-------,
, Title ," KarMMa-4: Idecabtagene vicleucel (ide-cel, bb2121), a BCMA-directed CAR T-cell therapy in high-risk newly diagnosed multiple myeloma ",
, Registry Number , NCT04196491 ,
, Study Duration , Not specified ,
, Study Location(s) , Multicenter ,
, Trial Phase , Phase 1 ,
, Study Design , Single-arm study ,
, Masking , Open-label ,
, Patient Segment ," Patients with high-risk newly diagnosed multiple myeloma (NDMM), defined as R-ISS stage III ",
, Intervention ," Ide-cel, a BCMA-directed CAR T cell therapy ",
, Total Participating Patients , Not specified ,
, Demographic Information ," Patients must have received ≤ 3 cycles of the induction regimens, be aged ≥ 18 years, and have ECOG PS 0-1 ",
""
Table 2: Clinical Findings
""
, Clinical Findings , Value ,
,-------------------,-------,
, Registry Number , NCT04196491 ,
, Cohort Size , Not specified ,
, Intervention for Each Arm ," Ide-cel, a BCMA-directed CAR T cell therapy ",
, Clinical Study Information , Not specified ,
," Data Elements, Results, Clinical Findings, Outcomes, or Adverse Events ", Not specified ,
, Adverse Events , Not specified ,
""
"Note: The abstract does not provide specific data on clinical findings, outcomes, or adverse events. Therefore, these fields are marked as ""Not specified""."
