﻿Table 1: Study Details
""
, Study Description , Value ,
,-------------------,-------,
, Title , Patient-reported efficacy and toxicity in CAR T-cell therapy for multiple myeloma via Internet-based platforms ,
, Registry Number , Not provided ,
, Study Duration , Not provided ,
, Study Location(s) , Not provided ,
, Trial Phase , Not provided ,
, Study Design , Not provided ,
, Masking , Not provided ,
, Patient Segment , Relapsed/refractory multiple myeloma (RRMM) patients ,
, Intervention , CAR T-cell therapy ,
, Total Participating Patients , 17 ,
, Demographic Information , Not provided ,
""
Table 2: Clinical Findings
""
, Clinical Findings , Value ,
,-------------------,-------,
, Registry Number , Not provided ,
, Cohort Size , 17 ,
, Intervention for Each Arm , CAR T-cell therapy ,
, Clinical Study Information , Not provided ,
, Prior Lines of Therapy , Median of 10 ,
, Time to Next Treatment (TNT) , Median of 15.9 months ,
, Overall Survival (OS) , Median of 24 months (95% CI 21-30 months) ,
, Probability of Survival at 2 years ," 0.48 (95% CI: 0.195, 1) ",
, Number of Deaths , 4 (Median of 22.5 months post-CAR T-cell therapy) ,
, Number of Side Effects , 36 ,
, Myeloma Reduction , 76% ,
, Average Decrease in m-protein Levels , 93% ,
, Little to No Reduction in Myeloma , 18% ,
, Unknown Response , 6% ,
""
Table 2: Adverse Events
""
, Adverse Events , Number of Patients Affected , Average Severity (1-10) ,
,----------------,-----------------------------,-------------------------,
, Neutropenia or low lymphocyte , 9 , 3 ,
, Anemia , 7 , 3.6 ,
, Fatigue , 7 , 3.9 ,
, Fever/chills , 7 , 3.1 ,
, Thrombocytopenia , 6 , 3.7 ,
, Hypotension , 4 , 1.3 ,
, Lack of appetite , 4 , 1.8 ,
, Nausea , 3 , 3.3 ,
, Decreased weight , 3 , 3 ,
, Headaches , 3 , 1 ,
, Diarrhea , 3 , 3.3 ,
, Low white blood cells - Granulocytes , 3 , 1.3 ,
, Muscle weakness , 2 , 2.5 ,
, Bone pain , 2 , 4.5 ,
, Joint pain , 2 , 4.5 ,
, Difficulty - speaking , 2 , 3 ,
, Cough , 2 , 5 ,
, Dyspnea , 2 , 6.5 ,
, Pneumonia/bronchitis , 2 , 8.5 ,
, Gas/bloating , 2 , 1.5 ,
, Hair loss , 2 , 5.5 ,
, Upper respiratory Infection , 2 , 7.5 ,
