﻿Table 1: Study Details
""
, Study Description , Value ,
, --- , --- ,
, Title of the Study , Impact of bridging therapy (BT) on outcome of relapsed refractory multiple myeloma (RRMM) with Ide-cel CAR T-cell therapy: Real-world experience from the US myeloma CAR T consortium ,
, Registry Number , Not provided ,
, Study Duration , Not provided ,
, Study Location(s) , Eleven US academic centers ,
, Trial Phase , Not provided ,
, Study Design , Not provided ,
, Masking , Not provided ,
, Patient Segment , Relapsed refractory multiple myeloma (RRMM) patients ,
, Intervention , Bridging therapy (BT) with Ide-cel CAR T-cell therapy ,
, Total Participating Patients ," 235 patients underwent leukapheresis, 214 infused ",
, Demographic Information ," Median Age: 63 years (BT), 65 years (NBT); ECOG > 1: 21% (BT), 2% (NBT); EMD: 47% (BT), 36% (NBT); R-ISS 2- 3: 82% (BT), 55% (NBT); High-risk cytogenetic: 36% (BT), 19% (NBT); Ferritin > 300 ng/mL prior LD: 59% (BT), 32% (NBT); CRP > 5 mg/L prior LD: 25% (BT), 9% (NBT) ",
""
Table 2: Clinical Findings
""
, Clinical Findings , BT (N = 170) , NBT (N = 44) , Alkylator (N = 76) , IMiD combos (N = 30) , PI combos (N = 25) , Selinexor (N = 21) ,
, --- , --- , --- , --- , --- , --- , --- ,
," Median Age, yrs ", 63 , 65 , 63 , 63.5 , 63 , 66 ,
, ECOG > 1 , 21% , 2% , 24% , 13% , 13% , 19% ,
, EMD , 47% , 36% , 54% , 27% , 48% , 57% ,
, R-ISS 2- 3 , 82% , 55% , 82% , 95% , 90% , 79% ,
, High-risk cytogenetic , 36% , 19% , 39% , 38% , 37.5% , 31.5% ,
, Ferritin > 300 ng/mL prior LD , 59% , 32% , 63% , 50% , 52% , 62% ,
, CRP > 5 mg/L prior LD , 25% , 9% , 30% , 20% , 32% , 10% ,
," Median hospital stay, days ", 10 , 8 , 10.5 , 9 , 9 , 11 ,
," Median PFS, mos ", 8.1 , 11.5 , 6.9 , NR , 6.4 , 9.7 ,
