﻿"Based on the provided guidelines, the tables from the TXT file can be reformatted as follows:"
""
Table 1: Study Details
""
, Study Description , Value ,
,-------------------,-------,
, Title of the Study , Updated results of a multicenter first-in-human study of BCMA/CD19 dual-targeting fast CAR-T GC012F for patients with relapsed/refractory multiple myeloma (RRMM) ,
, Registry Number , NCT04236011; NCT04182581 ,
, Study Duration , From October 2019 to November 2021 ,
, Study Location(s) , Multicenter ,
, Trial Phase , Not mentioned ,
, Study Design ," Single-arm, open label, multicenter Investigator Initiated Trial ",
, Masking , Open label ,
, Patient Segment , Heavily pretreated RRMM patients aged 27-76 with a median of 5 prior lines of therapy ,
, Intervention ," Single infusion of GC012F at 3 dose levels: 1x105/kg (DL1), 2x105/kg (DL2), and 3x105/kg (DL3) ",
, Total Participating Patients , 28 ,
, Demographic Information , Age range: 27-76; Median of 5 prior lines of therapy (range 2-9); 89.3% (25/28) were high risk (HR- mSMART); 8 pts had EM disease; 3 had never achieved a CR including after transplant; 1 pts presented with plasma cell leukemia; 24/28 pts were refractory to last therapy; 3 pts primary refractory; 9/28 pts had received prior anti-CD38; 27/28 pts prior IMiDs; 26/28 pts were refractory to PI; 26/28 pts to IMiDs ,
""
Table 2: Clinical Findings
""
, Clinical Findings , Arm1 (DL1) , Arm2 (DL2) , Arm3 (DL3) ,
,-------------------,------------,------------,------------,
, Registry Number , NCT04236011; NCT04182581 , NCT04236011; NCT04182581 , NCT04236011; NCT04182581 ,
, Cohort Size , 2 , 10 , 16 ,
, Intervention for Each Arm , Single infusion of GC012F at 1x105/kg , Single infusion of GC012F at 2x105/kg , Single infusion of GC012F at 3x105/kg ,
, Median follow-up , 6.3 months , 6.3 months , 6.3 months ,
, Follow-up Range , 1.8-29.9 months , 1.8-29.9 months , 1.8-29.9 months ,
, Overall Response Rate (ORR) , 100% , 80% , 93.8% ,
, ORR (Number of Patients) , 2/2 , 8/10 , 15/16 ,
, MRD Negativity Rate , Not mentioned , Not mentioned , Not mentioned ,
, Best Response (MRD- sCR) , Not mentioned , Not mentioned , Not mentioned ,
, Cytokine Release Syndrome (CRS) , Not mentioned , Not mentioned , Not mentioned ,
, Median Duration of CRS , 3 days , 3 days , 3 days ,
, CRS Duration Range , 1-8 days , 1-8 days , 1-8 days ,
, PK Results (Tmax) , 10 days , 10 days , 10 days ,
, Tmax Range , 8-14 days , 8-14 days , 8-14 days ,
, PK Results (Cmax) , 97009 copies /μg DNA , 97009 copies /μg DNA , 97009 copies /μg DNA ,
, Cmax Range ," 16,011-374,346 copies /μg DNA "," 16,011-374,346 copies /μg DNA "," 16,011-374,346 copies /μg DNA ",
, PK Results (AUC0-28) , 468863 copies/μg DNA×day , 631540 copies/μg DNA×day , 581620 copies/μg DNA×day ,
