﻿"Based on the provided guidelines, the tables from the TXT file can be reformatted as follows:"
""
Table 1: Study Details
""
, Study Description , Value ,
,-------------------,-------,
, Title of the Study , Long-term follow-up results of a multicenter first-in-human study of the dual BCMA/CD19 Targeted FasT CAR-T GC012F for patients with relapsed/refractory multiple myeloma ,
, Registry Number , NCT04236011; NCT04182581 ,
, Study Duration , From October 2019 to July 2020 ,
, Study Location(s) , Not mentioned ,
, Trial Phase , Not mentioned ,
, Study Design , Not mentioned ,
, Masking , Not mentioned ,
, Patient Segment , 19 ,
, Age Range , 27-71 ,
, Intervention , Single infusion of GC012F at 3 dose levels ,
, Dose Level 1 , 1x105/kg ,
, Dose Level 2 , 2x105/kg ,
, Dose Level 3 , 3x105/kg ,
, Total Participating Patients , 19 ,
, Median of Prior Lines , 5 ,
, Prior Lines Range , 2-9 ,
, High Risk Patients , 94.7% ,
, Patients with Extramedullary Disease , 5 ,
, Patients with Plasma Cell Leukemia , 1 ,
, Patients Refractory to Last Therapy , 15/19 ,
, Patients Received Prior Anti-CD38 , 4/19 ,
, Patients Prior IMiD , 18/19 ,
, Patients Refractory to PI , 18/19 ,
, Patients Refractory to IMiD , 17 ,
, Primary Refractory Patients , 3 ,
""
Table 2: Clinical Findings
""
, Clinical Findings , Arm1 (DL1) , Arm2 (DL2) , Arm3 (DL3) ,
,-------------------,------------,------------,------------,
, Cohort Size , 1 , 9 , 9 ,
, Intervention for Each Arm , Single infusion of GC012F at 1x105/kg , Single infusion of GC012F at 2x105/kg , Single infusion of GC012F at 3x105/kg ,
, Time of Data Cut-off ," Jan 12, 2021 "," Jan 12, 2021 "," Jan 12, 2021 ",
, Overall Response Rate (ORR) , Not mentioned , Not mentioned , 100% ,
, Patients Achieved MRD-sCR as Best Response (ORR) , Not mentioned , Not mentioned , 9/9 ,
, Stringent Complete Response (sCR) , Not mentioned , Not mentioned , 100% ,
, Patients Achieved MRD-sCR as Best Response (sCR) , Not mentioned , Not mentioned , 9/9 ,
, Median Time to Follow Up , 13.8 months , 13.8 months , 13.8 months ,
, Follow Up Range , 6.1-16.4 months , 6.1-16.4 months , 6.1-16.4 months ,
, Cytokine Release Syndrome (CRS) Grade 1-2 , Not mentioned , Not mentioned , 84.2% ,
, Cytokine Release Syndrome (CRS) Grade 3 , Not mentioned , Not mentioned , 10.5% ,
, Median Duration of CRS , 4 days , 4 days , 4 days ,
, CRS Duration Range , 1-8 days , 1-8 days , 1-8 days ,
, Deaths , Not mentioned , Not mentioned , 2 ,
, Median Tmax , 10 days , 10 days , 10 days ,
, Tmax Range , 8-14 days , 8-14 days , 8-14 days ,
, Median Peak Copy Number (Cmax) , 127548 copies/ug DNA , 127548 copies/ug DNA , 127548 copies/ug DNA ,
, Cmax Range ," 16,011-374,346 copies/ug DNA "," 16,011-374,346 copies/ug DNA "," 16,011-374,346 copies/ug DNA ",
