﻿"Based on the provided guidelines, the tables from the TXT file would be converted as follows:"
""
Table 1: Study Details
""
, Study Description , Value ,
,-------------------,-------,
, Title , Early detection of CRS after CAR-T therapy using wearable monitoring devices: Preliminary results in relapsed/refractory multiple myeloma (RRMM) ,
, Registry Number , Not provided ,
, Study Duration , Not provided ,
, Study Location(s) , Not provided ,
, Trial Phase , Not provided ,
, Study Design , Investigator initiated clinical trial (IIT) ,
, Masking , Not provided ,
, Patient Segment , Patients with relapsed/refractory multiple myeloma (RRMM) ,
, Intervention , Wearable devices for detecting CRS following autologous CART therapy in addition to standard of care (SoC) ,
, Total Participating Patients , 14 ,
, Demographic Information , Not provided ,
""
Table 2: Clinical Findings
""
, Clinical Findings , Value ,
,-------------------,-------,
, Registry Number , Not provided ,
, Cohort Size , 14 ,
, Intervention for Each Arm , Wearable devices for detecting CRS following autologous CART therapy ,
, Wearable adherence during overall monitoring period , 71% ,
, Wearable adherence during overall monitoring period (range) , 50-81% ,
, Wearable adherence during high-risk period , 88% ,
, Wearable adherence during high-risk period (range) , 69-89% ,
, CRS Detection (median time earlier than SoC for all events) , 205 mins ,
, CRS Detection (range time earlier than SoC for all events) , 50-479 mins ,
, Inter-observer Correlation , 0.952 ,
, Inter-observer Correlation (range) , 0.901-0.977 ,
, CRS Detection (Threshold Temperature Method) (median time earlier than SoC) , 195 mins ,
, CRS Detection (Threshold Temperature Method) (range time earlier than SoC) , 16-924 mins ,
, CRS Detection (Threshold Temperature Method) (false positive rate) , 16% ,
, CRS Detection (Threshold Temperature Method) (false negative rate) , 0% ,
, Adverse Events (CRS Grades) (Max CRS grade 1) , 10 pts ,
, Adverse Events (CRS Grades) (Max CRS grade 2) , 1 pt ,
, Adverse Events (CRS Grades) (Max CRS grade 3) , 1 pt ,
