﻿"Based on the provided guidelines, the tables from the TXT file should be reformatted as follows:"
""
Table 1: Study Details
""
, Study Description , Value ,
, --- , --- ,
, Title of the Study ," Phase 1 Study of CART-ddBCMA, a CAR-T therapy utilizing a novel synthetic binding domain, for the treatment of subjects with relapsed and refractory multiple myeloma ",
, Registry Number , NCT04155749 ,
, Study Duration , Not mentioned ,
, Study Location(s) , Multi-center ,
, Trial Phase , Phase 1 ,
, Study Design ," Open-label, dose escalation trial ",
, Masking , Not mentioned ,
, Patient Segment ," Subjects with relapsed and refractory multiple myeloma who have received ≥3 prior regimens, including proteasome inhibitor(s), immuno-modulatory agent(s), and anti-CD38 antibody, or are triple-refractory ",
, Intervention ," Subjects undergo lymphodepletion with fludarabine and cyclophosphamide, then receive CART-ddBCMA as a single infusion. Planned dose levels are 100, 300, and up to 900 x 106 CAR+ T cells ",
, Total Participating Patients , 10 ,
, Demographic Information - Median Age , 66 ,
, Demographic Information - Age Range , 54 to 75 ,
""
Table 2: Clinical Findings
""
, Clinical Findings , Cohort 1 (100 x 106 CAR+ T cells) , Cohort 2 (300 x 106 CAR+ T cells) ,
, --- , --- , --- ,
, Registry Number , NCT04155749 , NCT04155749 ,
, Cohort Size , 6 , 4 ,
, Intervention for Each Arm , CART-ddBCMA , CART-ddBCMA ,
, Follow-up Duration - Median , 208 , 208 ,
, Follow-up Duration - Range , 45 to 355+ , 45 to 355+ ,
, Overall Response Rate (ORR) , Not specified , Not specified ,
, Adverse Events - Cytokine Release Syndrome (CRS) , Not specified , 1 ,
, Adverse Events - ICANS , Not specified , 1 ,
, Adverse Events - Treatment - Tocilizumab , 7 , 7 ,
, Adverse Events - Treatment - Dexamethasone , 3 , 3 ,
, Response , Not specified , Not specified ,
, Minimal Residual Disease (MRD) , Not specified , Not specified ,
, Duration of Response (DOR) , Not specified , Not specified ,
""
"Note: The ""Adverse Events - Cytokine Release Syndrome (CRS)"" and ""Adverse Events - ICANS"" rows in the reformatted table only contain the number of subjects who developed these conditions, as per the guidelines. The descriptions of these conditions resolving rapidly with intervention have been removed from the ""Value"" column and are not included in the ""Clinical Findings"" column."
