﻿"Based on the provided guidelines, the tables from the TXT file should be reformatted as follows:"
""
Table 1: Study Details
""
, Study Description , Value ,
,-------------------,-------,
, Title , Outpatient practice utilization for CAR-T and T cell engager in patients with lymphoma and multiple myeloma ,
, Registry Number , Not provided ,
, Study Start Date , 3/2021 ,
, Study End Date , 1/2023 ,
, Study Location(s) ," Mayo Clinic, Rochester ",
, Trial Phase , Not provided ,
, Study Design , Retrospective review ,
, Masking , Not applicable ,
, Patient Segment , Patients with lymphoma and multiple myeloma ,
, Intervention ," FDA-approved CAR-T (axi-cel, brexu-cel, ide-cel, cilta-cel) or TCE (teclistamab) ",
, Total CAR-T Patients , 169 ,
, Total Teclistamab Patients , 4 ,
, Age ," 71, 38, 65, 66 ",
, Gender ," 2 Females, 2 Males ",
, Prior lines of therapy ," 5, 3, 6, 6 ",
""
Table 2: Clinical Findings
""
, Clinical Findings , Cohort 1 , Cohort 2 , Cohort 3 , Cohort 4 ,
,-------------------,----------,----------,----------,----------,
, Registry Number , Not provided , Not provided , Not provided , Not provided ,
, Cohort Size , 169 , 4 , Not applicable , Not applicable ,
, Intervention for Each Arm ," CAR-T (axi-cel, brexu-cel, ide-cel, cilta-cel) ", TCE (teclistamab) , Not applicable , Not applicable ,
, Study Start Date , 3/2021 , 3/2021 , Not applicable , Not applicable ,
, Study End Date , 1/2023 , 1/2023 , Not applicable , Not applicable ,
, Hospitalization , 27% , Not provided , Not applicable , Not applicable ,
, CRS and ICANS incidences , Comparable to registration studies , Not provided , Not applicable , Not applicable ,
, Time to first admission from CAR-T infusion , 1 day , Not provided , Not applicable , Not applicable ,
, Time to first admission from CAR-T infusion (range) , 0-9 , Not provided , Not applicable , Not applicable ,
, Cause of hospitalization , Most common: fever (59%) , Not provided , Not applicable , Not applicable ,
, Length of hospital stay , 4 days , Not provided , Not applicable , Not applicable ,
, Length of hospital stay (range) , 1-49 , Not provided , Not applicable , Not applicable ,
," Time to tocilizumab, steroid, escalation of oxygen support, vasopressor, ventilator, hemodialysis, and ICU transfer ", 1 day , Not provided , Not applicable , Not applicable ,
," Time to tocilizumab, steroid, escalation of oxygen support, vasopressor, ventilator, hemodialysis, and ICU transfer (range) ", 0-31 , Not provided , Not applicable , Not applicable ,
, Predictive factors of early admission ," Bridging therapy, elevated CRP and LDH (ROC AUC 0.62) ", Not provided , Not applicable , Not applicable ,
, Adverse Events , Not provided , Not provided , Not applicable , Not applicable ,
