﻿"Based on the provided guidelines, the tables from the TXT file can be reformatted as follows:"
""
Table 1: Study Details
""
, Study Description , Value ,
, --- , --- ,
, Title of the Study ," Phase 1b/2 study of ciltacabtagene autoleucel, a BCMA-directed CAR-T cell therapy, in patients with relapsed/refractory multiple myeloma (CARTITUDE-1): Two years post-LPI ",
, Registry Number , NCT03548207 ,
, Study Duration , 21.7 ,
, Study Location(s) , Not mentioned ,
, Trial Phase , Phase 1b/2 ,
, Study Design , Not mentioned ,
, Masking , Not mentioned ,
, Patient Segment , Patients with relapsed/refractory multiple myeloma ,
, Intervention , Single cilta-cel infusion (target dose 0.75×106 CAR+ viable T cells/kg) 5–7 days after lymphodepletion ,
, Total Participating Patients , 97 ,
, Demographic Information - Male , 59% ,
, Demographic Information - Median Age , 61 ,
, Demographic Information - Median Prior Lines of Therapy , 6 ,
, Demographic Information - Range of Prior Lines of Therapy , 3-18 ,
, Demographic Information - Penta-drug Exposed , 84% ,
, Demographic Information - Triple-class Refractory , 88% ,
, Demographic Information - Penta-drug Refractory , 42% ,
, Demographic Information - Refractory to Last Line of Therapy , 99% ,
""
Table 2: Clinical Findings
""
, Clinical Findings , Value ,
, --- , --- ,
, Registry Number , NCT03548207 ,
, Cohort Size , 97 ,
, Intervention for Each Arm , Single cilta-cel infusion (target dose 0.75×106 CAR+ viable T cells/kg) 5–7 days after lymphodepletion ,
, Time to First Response , 1.0 ,
, Time to Best Response , 2.6 ,
, Time to ≥CR , 2.9 ,
, Duration of Response , Not reached ,
, Overall Response Rate (ORR) , 97.9% ,
, Overall Response Rate (ORR) 95% CI , 92.7–99.7 ,
, Very Good Partial Response (VGPR) , 94.9% ,
, Stringent Complete Response (sCR) , 82.5% ,
, Minimal Residual Disease (MRD) negativity at 10-5 , 92% ,
, Progression Free Survival (PFS) at 2 years , 60.5% ,
, Progression Free Survival (PFS) at 2 years 95% CI , 48.5–70.4 ,
, Median PFS , Not reached ,
, Median OS , Not reached ,
, Adverse Events - New Safety Signals , No ,
, Adverse Events - New Events of CAR-T Cell Neurotoxicity , No ,
, Adverse Events - Movement and Neurocognitive Treatment-emergent Adverse Events , No ,
, Adverse Events - Treatment-related Deaths , No ,
, Adverse Events - Second Primary Malignancies , 15 ,
, Adverse Events - Patients with Second Primary Malignancies , 11 ,
