﻿"Based on the provided guidelines, the tables from the TXT file should be reformatted as follows:"
""
Table 1: Study Details
""
, Clinical Findings , Value ,
, --- , --- ,
, Title of the Study ," CT103A, a novel fully human BCMA-targeting CAR-T cells, in patients with relapsed/refractory multiple myeloma: Updated results of phase 1b/2 study (FUMANBA-1) ",
, Registry Number , NCT05066646 ,
, Study Duration - Median follow-up , 13.8 months ,
, Study Duration - Range , 0.4 to 27.2 ,
, Study Location(s) , 14 centers in China ,
, Trial Phase , Phase 1b/2 ,
, Study Design , Not mentioned ,
, Masking , Not mentioned ,
, Patient Segment , RRMM patients who received ≥ 3 lines of prior therapies containing at least a proteasome inhibitor and an immunomodulatory agent and were refractory to their last line of treatment. Patients who have progressed on previous BCMA CAR-T cell therapy were also included ,
, Intervention , Single infusion of CT103A at the dose of 1.0 x 106 CAR-T cells/Kg ,
, Total Participating Patients , 103 ,
, Demographic Information - Male , 53.4% ,
, Demographic Information - Median age , 58.0 years ,
, Demographic Information - Age Range , 39-70 ,
, Demographic Information - Median of prior therapy lines , 4 ,
, Demographic Information - Range of prior therapy lines , 3-23 ,
""
Table 2: Clinical Findings
""
, Clinical Findings , Value ,
, --- , --- ,
, Registry Number , NCT05066646 ,
, Cohort Size , 103 ,
, Intervention for Each Arm , Single infusion of CT103A at the dose of 1.0 x 106 CAR-T cells/Kg ,
, Time of Data Cut-off ," September 9th, 2022 ",
, Duration of Follow-up - Median , 13.8 months ,
, Duration of Follow-up - Range , 0.4 to 27.2 ,
, Prior Line of Therapy (LOT) - Median , 4 ,
, Prior Line of Therapy (LOT) - Range , 3-23 ,
, Overall Response Rate (ORR) , 96% ,
, Complete Response (CR) , 74.3% ,
, Progression free survival (PFS) - 12-month PFS rate , 78.8% ,
, Progression free survival (PFS) - 95% CI , 68.6–85.97 ,
, Minimal Residual Disease (MRD) - Achieved MRD-negativity , 95% ,
, Minimal Residual Disease (MRD) - Median time to MRD-negative , 14 days ,
, Minimal Residual Disease (MRD) - Range of time to MRD-negative , 13-185 ,
, Adverse Events - Most common ≥ grade 3 treatment-related AEs , Hematologic ,
, Anti-drug antibody - Number of patients with evaluable samples detected to be positive , 20 ,
, Anti-drug antibody - Percentage of patients with evaluable samples detected to be positive , 19.4% ,
