﻿"Based on the provided guidelines, the tables from the TXT file should be reformatted as follows:"
""
Table 1: Study Details
""
, Study Description , Value ,
,-------------------,-------,
, Title , Treatment patterns for extramedullary multiple myeloma and outcomes with CAR-T therapy and bispecific antibodies ,
, Registry Number , Not provided ,
, Study Start Date , 01/01/2000 ,
, Study End Date , 12/31/2021 ,
, Study Location(s) , Not provided ,
, Trial Phase , Not provided ,
, Study Design , Retrospective study ,
, Masking , Not applicable ,
, Patient Segment , Patients with Extramedullary Multiple Myeloma (EMM) ,
, Intervention ," Immune effector therapies (IETs), including chimeric antigen receptor T-cell (CAR-T) therapies and bispecific T-cell engaging antibodies (BsAb) ",
, Total Participating Patients , 299 ,
, Secondary EMM Patients , 204 ,
, Primary EMM Patients , 95 ,
""
Table 2: Clinical Findings
""
, Clinical Findings , Cohort 1 (sEMM) , Cohort 2 (pEMM) , Cohort 3 (CAR-T) , Cohort 4 (BsAbs) ,
,-------------------,-----------------,-----------------,------------------,------------------,
, Registry Number , Not provided , Not provided , Not provided , Not provided ,
, Cohort Size , 204 , 95 , 20 , 12 ,
, Intervention for Each Arm , Initial therapy , Initial therapy , CAR-T therapy , BsAbs ,
," Median PFS, months ", 2.9 , 12.9 , 4.9 , 2.9 ,
," Median PFS 95%CI, months ", 2.4-3.2 , 6.7-18 , 3.1-NR , 2.2-NR ,
," Median PFS for patients with ≥PR, months ", 5.8 , 17.4 , 5.8 , Not provided ,
," Median PFS for patients with ≥PR 95%CI, months ", 4.5-6.9 , 12.9-25.4 , 4.7-NR , Not provided ,
," Median PFS for patients with <PR, months ", 1.8 , 1 , 1.4 , Not provided ,
," Median PFS for patients with <PR 95%CI, months ", 1.4-2 , 0.8-2 , 0.8-NR , Not provided ,
, Median PFS for patients with <PR p-value , <0.0001 , Not provided , <0.001 , Not provided ,
, Patients achieving ≥PR , 44% , Not provided , 75% , 33% ,
, Patients achieving ≥PR (number/total) , Not provided , Not provided , 15/20 , 4/12 ,
, Patients achieving MRD negative complete response , Not provided , Not provided , 40% , Not provided ,
, Patients achieving MRD negative complete response (number/total) , Not provided , Not provided , 8/20 , Not provided ,
, Patients with progressive disease (PD) , Not provided , Not provided , 75% , 83% ,
, Patients with progressive disease (PD) (number/total) , Not provided , Not provided , 15/20 , 10/12 ,
