﻿Table 1: Study Details
""
, Study Description , Value ,
, --- , --- ,
, Title of the Study ," Idecabtagene vicleucel (ide-cel; bb2121), a BCMA-targeted CAR T-cell therapy, in patients with relapsed and refractory multiple myeloma (RRMM): Initial KarMMa results ",
, Registry Number , NCT03361748 ,
, Study Duration , Not specified ,
, Study Location(s) , Not specified ,
, Trial Phase , Phase II ,
, Study Design , Not specified ,
, Masking , Not specified ,
, Patient Segment ," Triple-class exposed RRMM patients who progress on immunomodulatory agents (IMiDs), proteasome inhibitors (PIs), and CD38 antibodies (mAbs) ",
, Intervention ," Idecabtagene vicleucel (ide-cel; bb2121), a BCMA-targeted CAR T-cell therapy ",
, Total Participating Patients ," 140 enrolled, 128 received ide-cel ",
, Demographic Information , Median age: 61 years; Median no. of prior regimens: 6; 84% were triple- and 26% were penta-refractory ,
""
Table 2: Clinical Findings
""
, Clinical Findings , Arm1 (150 × 106 CAR+ T cells) , Arm2 (300 × 106 CAR+ T cells) , Arm3 (450 × 106 CAR+ T cells) ,
, --- , --- , --- , --- ,
, Registry Number , NCT03361748 , NCT03361748 , NCT03361748 ,
, Cohort Size , 4 , 70 , 54 ,
, Intervention for Each Arm , Idecabtagene vicleucel (ide-cel; bb2121) , Idecabtagene vicleucel (ide-cel; bb2121) , Idecabtagene vicleucel (ide-cel; bb2121) ,
, Overall Response Rate (ORR) , 50% , 69% , 82% ,
, Complete Response (CR) rate , 25% , 29% , 35% ,
, Median Duration of Response (DoR) , Not reported due to small n , 9.9 months , 11.3 months ,
, Median Progression Free Survival (PFS) , Not reported due to small n , 5.8 months , 11.3 months ,
, Cytokine Release Syndrome (CRS) overall , 50% , 76% , 96% ,
, CRS Grade ≥3 , 0% , 6% , 6% ,
, Neurotoxicity overall , 0% , 17% , 20% ,
, Neurotoxicity Grade ≥3 , 0% , 1% , 6% ,
