﻿Table 1: Study Details
""
, Study Description , Value ,
, --- , --- ,
, Title of the Study , Association of high baseline ferritin with tocilizumab administration for CRS in relapsed/refractory multiple myeloma patients treated with bb2121 anti-BCMA CAR T cells ,
, Registry Number , NCT02658929 ,
, Study Duration , Not mentioned ,
, Study Location(s) , Not mentioned ,
, Trial Phase , Phase I ,
, Study Design , Not mentioned ,
, Masking , Not mentioned ,
, Patient Segment , Relapsed/refractory multiple myeloma patients ,
, Intervention ," Anti-BCMA CAR T cell therapy bb2121 in doses of 150 [6], 450 [9], or 800 [3] × 106 CAR T cells ",
, Total Participating Patients , 18 ,
, Demographic Information , Not mentioned ,
""
Table 2: Clinical Findings
""
, Clinical Findings , Arm1 (150 × 106 CAR T cells) , Arm2 (450 × 106 CAR T cells) , Arm3 (800 × 106 CAR T cells) ,
, --- , --- , --- , --- ,
, Registry Number , NCT02658929 , NCT02658929 , NCT02658929 ,
, Cohort Size , 6 , 9 , 3 ,
, Intervention for Each Arm , 150 × 106 CAR T cells , 450 × 106 CAR T cells , 800 × 106 CAR T cells ,
, Clinical Study Information , Not mentioned , Not mentioned , Not mentioned ,
, Development of tCRS , Not mentioned , 4 patients , Not mentioned ,
, Baseline Ferritin Level , Not mentioned , Not mentioned , Not mentioned ,
, Ferritin Level Increase Prior to tCRS , Not mentioned , 3 patients , Not mentioned ,
, Baseline C-reactive Protein and IL-6 Levels , Not mentioned , Not mentioned , Not mentioned ,
, Increase in C-reactive Protein and IL-6 Levels Prior to tCRS , Not mentioned , Not mentioned , Not mentioned ,
, Extensive Bone Marrow Involvement , Not mentioned , 3 patients , Not mentioned ,
, CAR T Cell Expansion After Infusion , Not mentioned , 4 patients , Not mentioned ,
, Adverse Events , Not mentioned , Not mentioned , Not mentioned ,
