﻿Table 1: Study Details
""
, Study Description , Value ,
,-------------------,-------,
, Title , Clinical outcomes of patients with multiple myeloma following disease progression after BCMA-targeted CAR T-cell therapy ,
, Registry Number , Not provided ,
, Study Duration , Not provided ,
, Study Location(s) , Single-center (not specified) ,
, Trial Phase , Not provided ,
, Study Design , Retrospective analysis ,
, Masking , Not provided ,
, Patient Segment , Patients with multiple myeloma who had disease progression after BCMA-targeted CAR T-cell therapy ,
, Intervention , BCMA-targeted CAR T-cell therapy ,
, Total Participating Patients , 30 ,
, Demographic Information , Median age: 61; 40% with high-risk FISH; 30% with extramedullary disease (EMD); Median number of prior lines of therapy (LOT): 5; 80% triple-class refractory; 47% penta-refractory ,
""
Table 2: Clinical Findings
""
, Clinical Findings , Cohort 1 , Cohort 2 ,
,-------------------,----------,----------,
, Registry Number , Not provided , Not provided ,
, Cohort Size , 20 (late BCMA CAR T) , 10 (early BCMA CAR T) ,
, Intervention for Each Arm , BCMA CAR T therapy after ≥ 4 prior LOT , BCMA CAR T therapy after < 4 prior LOT ,
, Clinical Study Information , Not provided , Not provided ,
, Overall Response Rate (ORR) , 33% , 59% ,
, Median Progression Free Survival (PFS) , 1.6 months , 4.6 months ,
, 12-month Overall Survival (OS) , 70% , 90% ,
, Adverse Events , Not provided , Not provided ,
""
Table 2: Clinical Findings (Salvage Therapies)
""
, Salvage Regimen , ORR , Median PFS (months) ,
,-----------------,-----,---------------------,
, Anti-BCMA CAR T , 100% , 7.6 ,
, Autologous SCT , 100% , 7.0 ,
, Allogeneic SCT , 100% , 5.8 ,
, Non-BCMA Bispecific , 100% , 3.5 ,
, Anti-CD38 mAb , 50% , 2.7 ,
, Alkylator , 50% , 2.3 ,
, Elotuzumab , 50% , 4.2 ,
, IMiD , 48% , 2.4 ,
, PI , 41% , 2.9 ,
, Belantamab , 25% , 1.8 ,
, Selinexor , 0% , 1.2 ,
, Venetoclax , 0% , 0.7 ,
