﻿"Based on the provided guidelines, the tables from the TXT file should be reformatted as follows:"
""
Table 1: Study Details
""
, Study Description , Value ,
,-------------------,-------,
, Title of the Study , bb2121 anti-BCMA CAR T-cell therapy in patients with relapsed/refractory multiple myeloma: Updated results from a multicenter phase I study ,
, Registry Number , NCT02658929 ,
, Study Duration , Not mentioned ,
, Study Location(s) , Not mentioned ,
, Trial Phase , Phase I ,
, Study Design ," 2-part, phase I study ",
, Masking , Not mentioned ,
, Patient Segment , Patients with relapsed/refractory multiple myeloma (RRMM) ,
, Intervention , bb2121 anti-BCMA CAR T-cell therapy ,
, Total Participating Patients , 43 ,
, Demographic Information , Not mentioned ,
""
Table 2: Clinical Findings
""
, Clinical Findings , Arm1 (or Cohort 1) , Arm2 (or Cohort 2) , Arm3 (or Cohort 3) ,
,-------------------,--------------------,--------------------,--------------------,
, Registry Number , NCT02658929 , N/A , N/A ,
, Cohort Size , 21 , N/A , N/A ,
, Intervention for Each Arm , bb2121 anti-BCMA CAR T-cell therapy , N/A , N/A ,
, Median follow-up , 35 weeks , N/A , N/A ,
, Overall Response Rate , 94% , N/A , N/A ,
, Complete Response (CR) , 56% , N/A , N/A ,
, Minimal Residual Disease (MRD) - Number of MRD-negative patients , 9 , N/A , N/A ,
, Minimal Residual Disease (MRD) - Total evaluable patients , 10 , N/A , N/A ,
, Progression Free Survival (PFS) - 6 months , 81% , N/A , N/A ,
, Progression Free Survival (PFS) - 9 months , 71% , N/A , N/A ,
, Adverse Events: Cytokine Release Syndrome (CRS) - Grade 1-2 , 71% , N/A , N/A ,
, Adverse Events: Cytokine Release Syndrome (CRS) - Grade ≥ 3 , 2 , N/A , N/A ,
, Adverse Events: Deaths , 2 , N/A , N/A ,
, Adverse Events: Neurotoxicities (NTX) - No grade ≥ 3 NTX observed , Yes , N/A , N/A ,
""
"Note: The ""Yes"" in the last row indicates that no grade ≥ 3 Neurotoxicities were observed."
