﻿Table 1: Study Details
""
, Study Description , Value ,
,-------------------,-------,
, Title of the Study , Sequencing bispecific antibodies and CAR T cell therapy in multiple myeloma with prior exposure to BCMA-targeted therapies ,
, Registry Number ," Teclistamab: NCT04557098, Elranatamab: NCT04649359, Talquetamab: NCT03399799, Talquetamab + Daratumumab: NCT04108195, Cevostamab: NCT03275103, Cilta-cel CAR-T: NCT04133636, Ide-cel CAR-T: N/A ",
, Study Duration , Not mentioned ,
, Study Location(s) , Not mentioned ,
, Trial Phase , Not mentioned ,
, Study Design ," Comprehensive review of active clinical trials, published primary literature, and meeting abstracts ",
, Masking , Not mentioned ,
, Patient Segment , Patients with heavily pretreated relapse and refractory multiple myeloma (MM) ,
, Intervention , Bispecific antibodies (BsAbs) and CAR T cell therapy ,
, Total Participating Patients , Not mentioned ,
, Demographic Information , Not mentioned ,
""
Table 2: Clinical Findings
""
, Clinical Findings , Teclistamab , Elranatamab , Talquetamab , Talquetamab + Daratumumab , Cevostamab , Cilta-cel CAR-T , Ide-cel CAR-T ,
,-------------------,-------------,-------------,-------------,---------------------------,-----------,-----------------,--------------,
, Registry Number , NCT04557098 , NCT04649359 , NCT03399799 , NCT04108195 , NCT03275103 , NCT04133636 , N/A ,
, Cohort Size , 25 , 13 , 16 , 25 , 43 , 20 , 50 ,
, Intervention for Each Arm , BCMA BsAb , BCMA-targeted BsAb , GPRC5D BsAb , GPRC5D BsAb + Daratumumab , FcRH5 directed BsAb , CAR-T cell therapy , CAR-T cell therapy ,
, Overall Response Rate , 40% , 54% , 50% , 72% , 56% , 60% , 74% ,
, Adverse Events , Not mentioned , Not mentioned , Not mentioned , Not mentioned , Not mentioned , Not mentioned , Not mentioned ,
