﻿Table 1: Study Details
""
, Study Description , Value ,
, --- , --- ,
, Title of the Study , Phase I open-label single arm study of GPRC5D CAR T-cells (OriCAR-017) in patients with relapsed/refractory multiple myeloma (POLARIS) ,
, Registry Number , NCT05016778 ,
, Study Duration ," June 9, 2021 and January 31, 2022 ",
, Study Location(s) , Not mentioned ,
, Trial Phase , Phase I ,
, Study Design , Open-label single arm study ,
, Masking , Open-label ,
, Patient Segment ," Measurable MM adults, R/R or intolerant to established therapies ",
, Intervention , Lymphodepleting chemotherapy with fludarabine 30mg/m2/d and cyclophosphamide 300mg/m2/d for 3 days followed by a single infusion of OriCAR-017 ,
, Total Participating Patients , 11 ,
, Demographic Information ," Median age 65 years (range41-71), median of 6 (range3-17) prior therapy lines ",
""
Table 2: Clinical Findings
""
, Clinical Findings , Cohort 1 ,
, --- , --- ,
, Registry Number , NCT05016778 ,
, Cohort Size , 11 ,
, Intervention for Each Arm , Lymphodepleting chemotherapy with fludarabine 30mg/m2/d and cyclophosphamide 300mg/m2/d for 3 days followed by a single infusion of OriCAR-017 ,
, Clinical Study Information , Not mentioned ,
, Overall Response Rate (ORR) , 100% ,
, Complete Response (CR) , 3 ,
, Very Good Partial Response (VGPR) , 2 ,
, Partial Response (PR) , 3 ,
, Minimal Residual Disease (MRD) negative , 8 ,
, Adverse Events: Neutropenia (G3/4) , 100% ,
, Adverse Events: Thrombocytopenia (G3/4) , 100% ,
, Adverse Events: Leukopenia (G3/4) , 100% ,
, Adverse Events: Lymphopenia (G3/4) , 100% ,
, Adverse Events: Anemia (G3/4) , 87.5% ,
, Cytokine Release Syndrome (CRS) , All patients ,
, CRS Grade 1 , 7 ,
, CRS Grade 2 , 1 ,
, Median Onset Time of CRS , 3 days ,
, Median Duration of CRS , 6 days ,
, Neurologic Toxicities , None reported ,
, Nail Disorders , None reported ,
