﻿"Based on the provided guidelines, the tables from the TXT file would be converted as follows:"
""
Table 1: Study Details
""
, Study Description , Value ,
,-------------------,-------,
, Title , Health-related quality of life among patients with multiple myeloma treated with CAR-T therapy ,
, Registry Number , Not provided ,
, Study Start Date , December 2021 ,
, Study End Date , July 2022 ,
, Study Location(s) , Not provided ,
, Trial Phase , Not provided ,
, Study Design , Cross-sectional observational pilot study ,
, Masking , Not provided ,
, Patient Segment ," Patients aged >/= 18 years with a diagnosis of myeloma, treated with autologous CAR-T a minimum of 56 days prior to survey date and had not yet experienced progression ",
, Intervention , CAR-T therapy ,
, Total Participating Patients , 22 ,
, Demographic Information - Male , 54.55% ,
, Demographic Information - White , 54.55% ,
, Median age , 64 ,
, Age Range , 43-86 ,
, Median time to enroll on the study from diagnosis , 6.5 years ,
, Time to enroll on the study from diagnosis Range , 3.5-17 ,
""
Table 2: Clinical Findings
""
, Clinical Findings , Value ,
,-------------------,-------,
, Registry Number , Not provided ,
, Cohort Size , 22 ,
, Intervention for Each Arm , CAR-T therapy ,
, Study Start Date , December 2021 ,
, Study End Date , July 2022 ,
, Median FACT-MM score , 137.5 ,
, FACT-MM score IQR , 18.5 ,
, Maximum possible FACT-MM score , 164 ,
, Median trial outcome index (TOI) , 95 ,
, TOI IQR , 17 ,
, Maximum possible TOI , 112 ,
," Differences in TOI between races - White, African American (AA), & Asian p value ", 0.04 ,
, Impact of Gilbert’s syndrome on FACT-MM scores - overall FACT-MM scores p value , 0.04 ,
, Impact of Gilbert’s syndrome on FACT-MM scores - PWB p value , 0.03 ,
, Impact of Gilbert’s syndrome on FACT-MM scores - pain-related HRQOL p value , 0.04 ,
, Impact of CRS or ICANS during CAR-T therapy on HRQOL , No difference found ,
," Impact of age, R-ISS, CCI, presence of EMD or prior lines of therapy (LOT) on HRQOL ", No impact found ,
, Adverse Events , Not provided ,
