﻿Table 1: Study Details
""
, Study Description , Value ,
,-------------------,-------,
, Title of the Study ," Updated phase I study results of PHE885, a T-Charge manufactured BCMA-directed CAR-T cell therapy, for patients (pts) with r/r multiple myeloma (RRMM) ",
, Registry Number , NCT04318327 ,
, Study Duration , Not specified ,
, Study Location(s) , Not specified ,
, Trial Phase , Phase I ,
, Study Design , Not specified ,
, Masking , Not specified ,
, Patient Segment , Patients with r/r multiple myeloma (RRMM) after ≥2 prior lines of therapy ,
, Intervention , PHE885 infusion after lymphodepletion with fludarabine and cyclophosphamide (or bendamustine) ,
, Total Participating Patients , 46 ,
, Demographic Information ," Median age at enrollment was 65 y (range [R] 45-81), median prior lines of tx was 4 (R 2-10). 37% of pts had extramedullary disease; 96% were triple refractory ",
""
Table 2: Clinical Findings
""
, Clinical Findings , Cohort 1 , Cohort 2 , Cohort 3 , Cohort 4 , Cohort 5 ,
,-------------------,----------,----------,----------,----------,----------,
, Registry Number , NCT04318327 , NCT04318327 , NCT04318327 , NCT04318327 , NCT04318327 ,
, Cohort Size , 4 , 13 , 20 , 1 , 8 ,
, Intervention for Each Arm , 2.5e6 CAR T cells , 5e6 CAR T cells , 10e6 CAR T cells , 14.3e6 CAR T cells , 20e6 CAR T cells ,
, Clinical Study Information , Not specified , Not specified , Not specified , Not specified , Not specified ,
, Overall Response Rate (ORR) , Not specified , Not specified , 100% , Not specified , Not specified ,
, Complete Response Rate (CRR) , Not specified , Not specified , 42% , Not specified , Not specified ,
, Minimal Residual Disease (MRD) negative , Not specified , Not specified , 60% of 10 evaluable pts , Not specified , Not specified ,
, Adverse Events: Cytokine Release Syndrome (CRS) , Not specified , Not specified , Not specified , Not specified , Not specified ,
, Adverse Events: Immune effector cell-associated neurotoxicity syndrome (ICANS) , Not specified , Not specified , Not specified , Not specified , Not specified ,
, Adverse Events: Dose limiting toxicities , Not specified , Not specified , Not specified , Not specified , Not specified ,
, Adverse Events: Anemia , Not specified , Not specified , Not specified , Not specified , Not specified ,
, Adverse Events: Neutropenia , Not specified , Not specified , Not specified , Not specified , Not specified ,
, Adverse Events: Thrombocytopenia , Not specified , Not specified , Not specified , Not specified , Not specified ,
