﻿"The provided abstract does not contain sufficient specific data or results to fill out the requested tables. The abstract is a description of a first-in-human phase 1, multicenter, open-label study of CB-011, a next-generation CRISPR-genome edited allogeneic anti-BCMA immune-cloaked CAR-T cell therapy, in patients with relapsed/refractory multiple myeloma (CAMMOUFLAGE trial). However, it does not provide specific data on the number of patients, demographic information, clinical findings, outcomes, or adverse events. The abstract mentions that the trial is actively enrolling patients, suggesting that results are not yet available."
""
"However, some information can be extracted for Table 1: Study Details:"
""
, Study Description , Value ,
, --- , --- ,
, Study Description ," A first-in-human phase 1, multicenter, open-label study of CB-011, a next-generation CRISPR-genome edited allogeneic anti-BCMA immune-cloaked CAR-T cell therapy, in patients with relapsed/refractory multiple myeloma (CAMMOUFLAGE trial) ",
, Registry Number , NCT05722418 ,
, Study Duration , Not specified ,
, Study Location(s) , Multicenter (specific locations not provided) ,
, Trial Phase , Phase 1 ,
, Study Design ," Multicenter, open-label, 3+3 dose escalation design followed by expansion at the maximum tolerated dose (MTD) and/or the recommended Phase 2 dose (RP2D) ",
, Masking , Open-label ,
, Patient Segment , Patients with relapsed/refractory multiple myeloma ,
, Intervention ," CB-011, a next-generation CRISPR-genome edited allogeneic anti-BCMA immune-cloaked CAR-T cell therapy ",
, Total Participating Patients , Not specified ,
, Demographic Information , Not specified ,
""
"Table 2: Clinical Findings cannot be filled out as the abstract does not provide specific data on clinical findings, outcomes, or adverse events."
