﻿"Based on the provided guidelines, the tables from the TXT file can be reformatted as follows:"
""
Table 1: Study Details
""
, Study Description , Value ,
, --- , --- ,
, Title of the Study , Remission observed from a phase 1 clinical study of CAR-T therapy with safety switch targeting BCMA for patients with relapsed/refractory multiple myeloma ,
, Registry Number , NCT03093168 ,
, Study Duration , Not mentioned ,
, Study Location(s) , Not mentioned ,
, Trial Phase , Phase 1 ,
, Study Design , Not mentioned ,
, Masking , Not mentioned ,
, Patient Segment ," Patients with relapsed/refractory multiple myeloma who had received at least 3 prior treatment regimens, including a proteasome inhibitor and an immunomodulatory agent, or are double-refractory, and have over 20% BCMA expression on plasma cells ",
, Intervention ," Lymphodepleting regimen with Cy once (300 mg/m2, d-3) and Flu daily for 3 days (25 mg/m2, d-5 to d-3) prior to the CAR-T infusion (d0) at a dose of 9×106 CAR+ cells/kg ",
, Total Participating Patients , 10 ,
, Demographic Information , Not mentioned ,
""
Table 2: Clinical Findings
""
, Clinical Findings , Value ,
, --- , --- ,
, Registry Number , NCT03093168 ,
, Cohort Size , 10 ,
, Intervention for Each Arm ," Lymphodepleting regimen with Cy once (300 mg/m2, d-3) and Flu daily for 3 days (25 mg/m2, d-5 to d-3) prior to the CAR-T infusion (d0) at a dose of 9×106 CAR+ cells/kg ",
, Number of Patients Infused with Intended Dose , 10 ,
, Number of Patients Reached at Least 1 Month of Follow-up , 7 ,
, Overall Response Rate (ORR) , 86% ,
, Stringent Complete Response (sCR) , 2 ,
, Minimal Residual Disease (MRD)-negative responses , 2 ,
, Very Good Partial Response (VGPR) , 2 ,
, Adverse Events - Neurotoxicities , No greater than Grade 1 ,
, Adverse Events - Cytokine Release Syndrome (CRS) , No greater than Grade 1 ,
""
"Note: The ""Clinical Study Information"" in the original Table 2 has been broken down into two separate rows: ""Number of Patients Infused with Intended Dose"" and ""Number of Patients Reached at Least 1 Month of Follow-up"". This is in accordance with the guidelines provided."
