﻿"Based on the provided guidelines, the tables from the TXT file can be reformatted as follows:"
""
Table 1: Study Details
""
, Study Description , Value ,
,-------------------,-------,
, Title of the Study , Long-term remission and survival in patients with relapsed or refractory multiple myeloma after treatment of LCAR-B38M CAR-T: At least 5-year follow-up in LEGEND-2 ,
, Registry Number , NCT03090659 ,
, Study Start Date , 30 Mar 2016 ,
, Study End Date , 30 Nov 2022 ,
, Study Location(s) , China ,
, Trial Phase , Phase 1 ,
, Study Design , First-in-human phase 1 study ,
, Masking , Not mentioned ,
, Patient Segment , Patients with relapsed or refractory multiple myeloma ,
, Intervention , Treatment with LCAR-B38M CAR-T cells ,
, Total Participating Patients , 74 ,
, Median Age , 54.5 years ,
, Percentage of Male Patients , 60.8% ,
, Median Prior Lines of Therapy , 3 ,
, Therapy Range , 1-9 ,
, Percentage of Patients with ISS Stage I , 44.6% ,
, Percentage of Patients with ISS Stage III , 28.4% ,
, Percentage of Patients with Extramedullary Disease , 29.7% ,
, Percentage of Patients with Cytogenetic High Risk , 35.7% ,
""
Table 2: Clinical Findings
""
, Clinical Findings , Cohort 1 , Cohort 2 ,
,-------------------,----------,----------,
, Registry Number , NCT03090659 , NCT03090659 ,
, Cohort Size , 13 , 61 ,
, Cohort Description , Without PD , With PD/Death ,
, Intervention for Each Arm , Treatment with LCAR-B38M CAR-T cells , Treatment with LCAR-B38M CAR-T cells ,
, Median Follow-up Duration , 66.8 months , 64.6 months ,
, Follow-up Duration Range , 61.1-76.1 months , 0.4-78.8 months ,
, Overall Response Rate (ORR) , 87.8% , Not mentioned ,
, Complete Response (CR) rate , 73.0% , Not mentioned ,
, Minimal Residual Disease (MRD)-negative CR rate , 67.6% , Not mentioned ,
, Median Duration of Response (DOR) , 23 months , Not mentioned ,
, Median Progression Free Survival (PFS) , 18 months , Not mentioned ,
, Median Overall Survival (OS) , 55.8 months , Not mentioned ,
, Adverse Events , No new CAR-T cell-related toxicities , No new CAR-T cell-related toxicities ,
