﻿"Based on the provided guidelines, the tables from the TXT file would be converted as follows:"
""
Table 1: Study Details
""
, Study Description , Value ,
,-------------------,-------,
, Title , Idecabtagene vicleucel (Ide-cel) chimeric antigen receptor (CAR) T-cell therapy for relapsed/refractory multiple myeloma (RRMM): Real-world experience ,
, Registry Number , Not provided ,
, Study Duration , Not provided ,
, Study Location(s) , Ten US academic centers ,
, Trial Phase , Not provided ,
, Study Design , Retrospective analysis ,
, Masking , Not provided ,
, Patient Segment , Patients with relapsed/refractory multiple myeloma (RRMM) ,
, Intervention , Idecabtagene vicleucel (Ide-cel) chimeric antigen receptor (CAR) T-cell therapy ,
, Total Participating Patients , 138 ,
, Patients Infused , 108 ,
, Median Age , 64 ,
, Age Range , 36-78 ,
, ECOG PS 0 or 1 , 77% ,
, Extramedullary Disease , 53% ,
, High-risk Cytogenetics , 33% ,
, Median Prior Regimens , 6 ,
, Prior Autologous Transplant , 85% ,
, Penta-refractory Disease , 41% ,
""
Table 2: Clinical Findings
""
, Clinical Findings ," Real world, N=108 ",
,-------------------,-------------------,
, Registry Number , Not provided ,
, Cohort Size , 108 ,
, Intervention for Each Arm , Idecabtagene vicleucel (Ide-cel) chimeric antigen receptor (CAR) T-cell therapy ,
, Patients Leukapheresed , 138 ,
, Manufacturing Failure , 6 ,
, Manufacturing Failure Rate , 4% ,
, Patients Infused , 108 ,
, Overall Response Rate (ORR) , 83% ,
, Complete Response (CR) , 34% ,
, Cytokine Release Syndrome (CRS) , 82% ,
, CRS > Grade 3 , 4% ,
, Immune Effector Cell-associated Neurotoxicity Syndrome (ICANS) , 15% ,
, ICANS > Grade 3 , 5% ,
, Use of Tocilizumab , 72% ,
, Use of Steroids , 25% ,
, Infections , 34% ,
, Death , 11% ,
, Death Due to Disease Progression , 7 ,
, Death Due to Other Causes , 5 ,
, Grade 5 CRS , 1 ,
, Hemophagocytic Lymphohistiocytosis , 1 ,
, Progressive Neurological Weakness , 1 ,
, COVID-19 , 2 ,
