﻿Table 1: Study Details
""
, Study Description , Value ,
,-------------------,-------,
, Title ," Idecabtagene vicleucel (ide-cel, bb2121), a BCMA-directed CAR T cell therapy, in relapsed and refractory multiple myeloma: Updated KarMMa results ",
, Registry Number , NCT03361748 ,
, Study Duration , Not specified ,
, Study Location(s) , Not specified ,
, Trial Phase , Not specified ,
, Study Design , Not specified ,
, Masking , Not specified ,
, Patient Segment ," Patients with RRMM previously exposed to immunomodulatory agents, proteasome inhibitors (PIs), and CD38 antibodies (mAbs) ",
, Intervention ," Idecabtagene vicleucel (ide-cel, bb2121), a BCMA-directed CAR T cell therapy ",
, Total Participating Patients ," 140 enrolled, 128 received ide-cel ",
, Demographic Information ," Median age of 61 years, median of 6 (range, 3-16) prior regimens, 84% were triple-class refractory, and 26% were penta-class refractory ",
""
Table 2: Clinical Findings
""
, Clinical Findings , Arm1 (150 × 106 CAR+ T cells) , Arm2 (300 × 106 CAR+ T cells) , Arm3 (450 × 106 CAR+ T cells) ,
,-------------------,-------------------------------,-------------------------------,-------------------------------,
, Registry Number , NCT03361748 , NCT03361748 , NCT03361748 ,
, Cohort Size , 4 , 70 , 54 ,
, Intervention for Each Arm , 150 × 106 CAR+ T cells , 300 × 106 CAR+ T cells , 450 × 106 CAR+ T cells ,
, Overall Response Rate (ORR) , 50% , 69% , 81% ,
, Complete Response (CR) rate , 25% , 29% , 39% ,
, Median Progression-Free Survival (PFS) , Not reported , Not reported , 12.2 months ,
, Adverse Events: Cytopenias , Not specified , Not specified , Not specified ,
, Adverse Events: Cytokine Release Syndrome (CRS) , Not specified , Not specified , Not specified ,
, Adverse Events: Neurotoxicity , Not specified , Not specified , Not specified ,
